,,САЙТ,ПРОМ,Добавки,Protein+,Штрих-код,Бренд,Остаток
1,"Кофеин, 200 мг, ALLMAX Nutrition, 100 таблеток",02717-01,1360718364,AMX-12622,02717-01,665553126227,ALLMAX Nutrition,0
2,"Кальций 500 с витамин D3, 21st Century, 90 таблеток","1676869616	
CEN-27519",1676869616,CEN-27519,,740985275191, 21st Century,3
3,Хелат цинка 21st Century Zinc Chelated 50 мг 60 таблеток,CEN-28024,2195796904,CEN-28024,,740985280249,21st Century,0
4,"Кальций 500 и витамин D3, 400 таблеток",CEN-27522,,CEN-27522,,740985275221,21st Century,0
5,Кальций Магний Цинк и Витамин Д3 21st Century (Calcium Magnesium Zinc + D3) 90 таблеток,"1734054138
CEN-22263",1734054138,CEN-22263,11225-01,740985222638,21st Century,3
6,"Пиколинат хрома, 21st Century, 200 мкг, 100 таблеток","CEN-21368
1734054199",1734054199,CEN-21368,11554-01,740985213681,21st Century,1
7,"Корица с хромом ""Cinnamon Plus Chromium"" 21st Century, 200 мг, 120 капсул",CEN-27383,1528029355,CEN-27383,11660-01,740985273838,21st Century,0
8,"Рыбий жир ""Fish Oil"" 21st Century, 1200 мг, 90 желатиновых капсул",1661244034,1661244034,CEN-22731,,740985227312,21st Century,0
9,"Биотин ""Biotin"" 21st Century, 800 мкг, 110 легко проглатываемых таблеток",11380-01,,CEN-22881,11380-01,740985228814,21st Century,0
10,Гидролизат желатина 21st Century (Gelatin) 600 мг 100 капсул,"CEN-22663
1734054073",1734054073,CEN-22663,"
20151-01",740985226636,21st Century,1
11,"Псиллиум подорожника, 21st Century,160 капсул",1814053635,1814053635,CEN-27024,,740985270240,21st Century,0
12,"Ферменты папайи ""Papaya Enzyme"" 21st Century, 100 таблеток","CEN-22662
11612-01",,CEN-22662,11612-01,740985226629,21st Century,0
13,"Комплекс незаменимых аминокислот ""Daily Amino Acid"" 21st Century, 120 таблеток","CEN-22557
1581056614",1581056614,CEN-22557,,740985225578,21st Century,0
14,"Растительный чай для похудения, клюква и малина, без кофеина, 21st Century, 24 чайных пакетика, 48 г",1839837454,,CEN-22352,,740985223529,21st Century,0
15,"Травяной чай для похудения, мед с лимоном, без кофеина, 21st Century, 24 чайных пакетика, 48 г",1839841511,1839841511,CEN-22361,,740985223611,21st Century,0
16,"Сереноя ""Saw Palmetto"" 21st Century, 450 мг, 60 капсул",1854586965,1854586965,CEN-21228,,740985212288,21st Century,0
17,Магний 21st Century (Magnesium) 250 мг 110 таблеток,"CEN-22713
20884-01",2106503593,CEN-22713,20884-01,740985227138,21st Century,1
18,Цинк Цитрат 21st Century (Zinc Citrate) 50 мг 60 таблеток,"CEN-28026
20289-01",2106503448,CEN-28026,20289-01,740985280263,21st Century ,2
19,"Ester-C с цитрусовыми биофлавоноидами, 1000 мг, 90 капсул",1266000159,,,,,American Health,0
20,"Ester-C с цитрусовыми биофлавоноидами, 1000 мг, 90 веган капсул",без кода,,,,,American Health,0
21,"TAM, слабительное, 250 таблеток",,,,,,American Health,0
22,"Солнцезащитный крем з пребиотиками овса Protect + Hydrate, SPF 60, Aveeno, 60 мл",1860466245,1860466245,,,,Aveeno,0
23,"Бальзам для губ Lip Balm, Clear Zinc, Unscented, SPF 15, 4.2 g",,,,,,Badger Company,0
24,"Натуральный минеральный солнцезащитный крем, SPF 30 PA+++, без запаха, 87 мл",1200535508,1200535508,,,,Badger Company,0
25,"Спорт, натуральный минеральный солнцезащитный крем, прозрачный цинк, фактор защиты SPF 35, без запаха, 87 мл",1200490880,,,,,Badger Company,0
26,"Бальзам для губ, розовый грейпфрут, 4,2 г",без кода,,,,,Badger Company,0
27,"Солнцезащитный крем, SPF 30 PA+++, Tangerine & Vanilla, 87 ml",1431976770,1266905578,,,,Badger Company,0
28,"Солнцезащитный крем для детей, SPF 40 PA+++, Tangerine & Vanilla, 87 мл",1854588700,,,,,Badger Company,0
29,Тонизирующий спрей против выпадения волос и для стимуляции их роста Beaver 50 мл,2008596463,"2008596463
нет на ПРОМ",,,,Beaver,1
30,Шампунь з кератином для еластичності волосся Beaver (Brazilian Keratin Smoothing Shampoo) 350 мл,"2008596464
3549202","2008596464
нет на ПРОМ",3549202,,,Beaver,1
31,Шампунь з Аргановою олією для відновлення пошкодженого волосся Beaver (Damage Repair Argan Oil of Morocco Shampoo) 350 мл,2194804685,"2194804685
нет на ПРОМ",,,,Beaver,1
32,Шампунь живильний для сухого і пошкодженого волосся з олією марули Beaver (Nourish Marula Oil Shampoo) 350 мл,"2008596468
220121202","2008596468
нет на ПРОМ",220121202,,,Beaver,0
33,Шампунь з кокосовою олією для сухого і неслухняного волосся розгладжуючий Beaver (Moisturizing Coconut Oil & Milk Shampoo) 350 мл,220125002,"2008596472
нет на ПРОМ",220125002,,,Beaver,2
34,Шампунь для щоденного застосування з екстрактом квітів Сакури Beaver (Cherry Blossom Shampoo) 350 мл,2008596475,2008596475,220129802,,,Beaver,0
35,Укрепляющий шампунь для жирных волос с маслом чайного дерева Beaver (Shampoo Tea Tree) 350 мл,2194845729,"2194845729
нет на ПРОМ",,,,Beaver,0
36,Яблучний оцет з маткою Dynamic Health Laboratories (Apple Cider Vinegar with Mother) 473 мл,"DNH-30466
790223304664",790223304664,DNH-30466,,790223304664,Dynamic Health Laboratorie,1
37,Базовий комплекс для тренувань Animal (Animal PAK) 44 зручних упаковок таблеток,"0-39442000422
UNN-00042",0-39442000422,UNN-00042,,0-39442000422,Ineversal Nutrition,1
38,"Крем-кушон з оксамитовим фінішем (натуральный беж) MISSHA (Velvet Finish Cushion, 23 тон)15 г",без арт,2323749318,MSH-45256,,,MISSHA,1
39,"Креатиновый комплекс ""Crea ZERO"" BioTech, апельсин, 320 г","09223-01
09223-01_U001637",,PPLS-22404,09223-01,,BioTech,0
40,"Медь в хелатной форме ""Chelated Copper"" Bluebonnet Nutrition, 90 капсул",,,BLB-00665,,743715006652,Bluebonnet Nutrition,0
41,Чиста харчова сода без глютену Bob's Red Mill (Baking Soda) 453 г,BRM-03391,2139785101,BRM-03391,,,Bob's Red Mill,0
42,"Рыбий жир ""Omega-3 Premium Fish Oil"" California Gold Nutrition 180 EPA/120 DHA, 100 капсул",404,1062960401,MLI-00952,18848-01,898220009527,California Gold Nutrition,1
43,"Омега 800, рыбий жир, Omega 800, 80% EPA/DHA, 1000 мг, 90 гелевых капсул",404,1748512402,CGN-01266,20419-01,898220012664,California Gold Nutrition,0
44,"Маточное молочко, 500 мг, 30 капсул",,1062979372, CGN-00953,,898220009534,California Gold Nutrition,0
45,"Коэнзим Q10, 100 мг, 120 Овощные мягкие гели",404,1062988811,CGN-00944,,898220009442,California Gold Nutrition,0
46,"Астаксантин, Astaxanthin, 12 мг, 120 капсул",404,1056240307,CGN-01104,,898220011049,California Gold Nutrition,0
47,"Молозиво концентрированное, Colostrum, 240 капсул",CGN-00913,1056240307,CGN-00913,,898220009138,California Gold Nutrition,0
48,"Силимариновый комплекс, 300 мг, 120 растительных капсул",404,1063043627,CGN-00956,,898220009565,California Gold Nutrition,0
49,"Витамин Д-3 для детей, Baby Vitamin D3, C в каплях, 400 МЕ (10 мкг), 10 мл",CGN-01034,2171063953,CGN-01034,,898220010349,California Gold Nutrition,0
50,"EpiCor, сухой дрожжевой ферментат, 500 мг, 30 растительных капсул",,,CGN-01567,,898220015672,California Gold Nutrition,0
51,"Prenatal Multi для беременных и кормящих матерей, 60 мягких капсул из рыбьего",CGN-01345,1867200823,CGN-01345,,898220013456,California Gold Nutrition,0
52,"Молозиво в порошке, Colostrum, 200г",CGN-00912,1144318340,CGN-00912,,898220009121,California Gold Nutrition,0
53,"Глюкозамин, хондроитин, МСМ + гиалуроновая кислота, 60 капсул",,,CGN-01470,,898220014705,California Gold Nutrition,0
54,"Пробиотики, LactoBif Probiotics, 5 млд, 10 капсул",21469-01,,,21469-01,,California Gold Nutrition,0
55,"LactoBif Probiotic, пробиотики, 30 млрд КОЕ, 60 растительных капсул",CGN-00965,,CGN-00965,,,California Gold Nutrition,0
56,"HydrationUP, фруктовый пунш, 20 пакетиков по 4,2 г (0,15 унции), 4,2 г",CGN-01748,,CGN-01748,,,California Gold Nutrition,0
57,"HydrationUP, комбинированный набор из 20 пакетов весом 4,2 г",CGN-01746,,CGN-01746,,,California Gold Nutrition,0
58,"BCAA, 500 мг, 60 растительных капсул",,,,,,California Gold Nutrition,0
59,"Immune4, для укрепления иммунитета, 60 капсул",CGN-01842,,CGN-01842,,,California Gold Nutrition,0
60,"Витамин C, Gold C, 1000 мг, 60 растительных капсул",19128-01,,,19128-01,,California Gold Nutrition,0
61,"Холиновый и кремниевый комплекс, 60 мл",,,,,,California Gold Nutrition,0
62,"CollagenUP, морской коллаген, гиалуроновая кислота и витамин С, California Gold Nutrition, 206 г","CGN-01033	
11663-01",1329402809,CGN-01033,11663-01,,California Gold Nutrition,0
63,"Биотин, 10 000 мкг, 90 вегетарианских капсул",,,,21151-01,,California Gold Nutrition,0
64,"Грибы Рейши, 90 капсул",,,,,,California Gold Nutrition,0
65,"CollagenUP, морской гидролизованный коллаген с гиалуроновой кислотой и витамином С, без запаха, 10 пакетов, 5,15 г (0,18 унции) каждый",,,,,,California Gold Nutrition,0
66,"AstaCarotenoid, комплекс с лютеином, ликопином и астаксантином, 30 растительных мягких таблеток",,,,,,California Gold Nutrition,0
67,"Пирролохинолинхинон, 20 мг, 30 растительных капсул",,1351959939,,,,California Gold Nutrition,0
68,"Омега 800, рыбий жир, Omega 800, 80% EPA/DHA, 1000 мг, 30 гелевых капсул",,1365043974,,,,California Gold Nutrition,0
69,"Рыбий жир премиум, Omega-3, Fish Oil, 240 капсул",CGN-01206,1390394056,"CGN-01330",,898220013302,California Gold Nutrition,2
70,"Пробиотики Lactobif, Cran-Max, 25 млрд КОЕ, 30 капсул",CGN-01334,,CGN-01334,,,California Gold Nutrition,0
71,"Витамин D3, 125 мкг (5000 МЕ), 90 капсул из рыбьего желатина",,2108569071,,,,California Gold Nutrition,0
72,"Гидролизованные пептиды морского коллагена, без добавок, 200 г",,,,,,California Gold Nutrition,0
73,"Астаксантин, Astaxanthin, 12 мг, 30 капсул",CGN-01103,,CGN-01103,,,California Gold Nutrition,0
74,"CurcuminUP, комплекс куркумина и омега-3, поддержка при воспалениях, 30 рыбно-желатиновых капсул",CGN-01144,,CGN-01144,,,California Gold Nutrition,0
75,"Пренатальная ДГК для беременных и кормящих женщин, 450 мг, 60 мягких таблеток",CGN-01336,,CGN-01336,,,California Gold Nutrition,0
76,"Коэнзим Q10, 100 мг, 30 капсул",CGN-00943,,CGN-00943,,,California Gold Nutrition,0
77,"Гидролизованные пептиды морского коллагена, 5000 мг, California Gold Nutrition, 500 г",CGN-01864,,CGN-01864,,,California Gold Nutrition,0
78,"CollagenUP, морской коллаген 464 г",CGN-01032,2046901396,CGN-01032,,,California Gold Nutrition,0
79,"Бисглицинат магния ""Magnesium Bysglycinate"" California Gold Nutrition, 200 мг, 240 капсул",,,CGN-01902,,,California Gold Nutrition,0
80,"Бенфотиамин ""Benfotiamine"" California Gold Nutrition, 300 мг, 30 капсул",,,CGN-02022,,,California Gold Nutrition,0
81,"Бенфотиамин с альфа-липоевой кислотой, California Gold Nutrition, 90 капсул",CGN-02021,,CGN-02021,,,California Gold Nutrition,0
82,"Витамин Д3, 2000 МЕ, California Gold Nutrition, 90 капсул","CGN-01179
20537-01",1508268936,CGN-01179,20537-01,898220011797,California Gold Nutrition,5
83,"Детская Омега-3, 1050 мг, California Gold Nutrition ""Baby`s DHA"" с витамином Д3, 59 мл","CGN-00871	
19207-01",,CGN-00871,19207-01,,California Gold Nutrition,0
84,"Холиновый и кремниевый комплекс, 30 мл",CGN-01597,,CGN-01597,,,California Gold Nutrition,0
85,"Грибной растворимый кофе кордицепс и рейши California Gold Nutrition 30 пакетиков по 2,2 г",CGN-01240,,CGN-01240,,,California Gold Nutrition,0
86,Витамин Д3 California Gold Nutrition (Vitamin D3) 5000 МЕ 360 желатиновых капсул,CGN-01066,,CGN-01066,20741-01,,California Gold Nutrition,0
87,"Рыбий жир, Carlson Labs, 1200 мг, 100+30капсул","CAR-01524
11065-01",2241676632,CAR-01524,11065-01,88395015243,Carlson Labs,1
88,"Цинк, Zinc, 15 мг, 250 таб.","CAR-05312	
18034-01",,CAR-05312,18034-01,,Carlson Labs,0
89,"Жевательный кальций для детей, 60 таб.","CAR-05083
10908-01",,CAR-05083,10908-01,,Carlson Labs,0
90,"Цинк, Zinc, Carlson Labs, 15 мг глюконата цинка, 100 таблеток","CAR-05311
10906-01",2195811223,CAR-05311,10906-01,88395053115,Carlson Labs,3
91,"Solar D Gems, витамин D3 + омега-3 кислоты, лимон, 2000 МЕ, 360 капсул",CAR-01473,,CAR-01473,,,Carlson Labs,0
92,"Solar D Gems, витамин D3 + омега-3 кислоты, лимон, 2000 МЕ, 120 капсул","CAR-01471
18934-01",,CAR-01471,18934-01,,Carlson Labs,0
93,"Витамин Д3 ""Vitamin D3"" 2000 МЕ, Carlson Labs, 360 капсул",CAR-01463,,CAR-01463,,,Carlson Labs,0
94,"Кальций, магний и цинк, 250 таблеток","CLF-02604
21713-01",,CLF-02604,21713-01,,Country Life,0
95,"Коллаген, Doctor's Best, 1000 мг, 180 таблеток","DRB-00204
08527-01",1265203050,DRB-00204,08527-01,,Doctor's Best,0
96,"Альфа-липоевая кислота, 150 мг, 120 растительных капсул",DRB-00104,08685-01,DRB-00104,08685-01,,Doctor's Best,0
97,"Витамин Д3, 5000 МЕ, 360 капсул",DRB-00250,,DRB-00250,,,Doctor's Best,0
98,"Коллаген, Doctor's Best, 500 мг, 240 капсул","DRB-00263
07108-01",,DRB-00263,07108-01,,Doctor's Best,0
99,"NAC, 60 капсул","DRB-00279
1322940650",1322940650,DRB-00279,,753950002791,Doctor's Best,2
100,"МСМ с OptiMSM, 1500 мг, 120 таблеток","DRB-00097
2072538598
06039-01",2072538598,DRB-00097,06039-01,753950000971,Doctor's Best,0
101,"Бетаин гидрохлорид + пепсина и горечавка, 120 капсул","DRB-00163
18935-01",1772593487,DRB-00163,18935-01,753950001633,Doctor's Best,1
102,"Хелатированный магний, полностью хелатированный легкоусвояемый, 100 мг, 120 капсул","DRB-00025
08639-01",1351988232,DRB-00025,08639-01,,Doctor's Best,0
103,"Комплекс витаминов B ""Fully Active B Complex with Quatrefolic"" Doctor's Best, 30 капсул","DRB-00299
1351999826",1351999826,DRB-00299,,,Doctor's Best,0
104,"Хондропротекторы ""Glucosamine Chondroitin MSM with OptiMSM"" Doctor's Best, 120 капсул","DRB-00080
08701-01",1365050039,DRB-00080,08701-01,,Doctor's Best,0
105,"Альфа-липоевая кислота, 600 мг, Doctor's Best, 60 капсул",DRB-00133,,DRB-00133,,,Doctor's Best,0
106,"Фолат с Quatrefolic ""Folate 400 Fully Active"" Doctor's Best, 400 мкг, 90 капсул","DRB-00262
10265-01",1466185535,DRB-00262,10265-01,,Doctor's Best,0
107,"Фолат с Quatrefolic ""Folate 800 Fully Active"" Doctor's Best, 800 мкг, 60 капсул",DRB-00458,,DRB-00458,,,Doctor's Best,0
108,"Коллаген 1 и 3 типа ""Pure Collagen Types 1 and 3 Powder"" Doctor's Best, 200 г","DRB-00203
06817-01",1379700845,DRB-00203,06817-01,,Doctor's Best,0
109,"Цинк пиколинат, Zinc Picolinate, 50 мг, 100 капсул",DL1716,,DL1716,,,Douglas Laboratories,0
110,Аргінін + підсилювач оксиду азоту Earth's Creation (L-Arginine + OptiNOs Nitric Oxide Booster) 100 таблеток,,2171071381,ECC-00828,,,Earth's Creation,0
111,Болгарский Трибулус бустер тестостерона (Bulgarian Tribulus Testosterone Booster) 60 капсул,,2323753457,ECC-00399,,,Earth's Creation,1
112,"Солнцезащитный крем SPF 50+, PA+++, Elizavecca, Milky Piggy, 50 мл","EZV-91580
1636410784",1636410784,EZV-91580,,8809311915803,Elizavecca,4
113,"Ежедневный солнцезащитный лосьйон для лица, SPF 30, Eucerin, без запаху, 118 мл",EUC-63429,1859965531,EUC-63429,,,Eucerin,0
114,"Gerber, Puffs, зерновые снеки, для детей от 8 месяцев, черника, 42 г",GBR-04529,,GBR-04529,,,Gerber,0
115,"Gerber, Puffs, зерновые снеки, для детей от 8 месяцев, банан, 42 г","1814062062	
GBR-04521",1814062062,GBR-04521,,,Gerber,0
116,"Gerber, Puffs, зерновые снеки, для детей от 8 месяцев, ваниль, 42 г",GBR-04528,,GBR-04528,,,Gerber,0
117,Пуфы для детей от 8 месяцев клубника и яблоко Gerber (Puffed Grain Snack 8+ Months Strawberry Apple) 42 г,GBR-04520,1849771606,"GBR-04520",,,Gerber,1
118,"Пуфы для детей от 8 месяцев с персиком Gerber (Puffed Grain Snack 8+ Months Peach) 42 г",GBR-04525,,GBR-04525,,,Gerber,0
119,Легкий перекус из высушенного сублимацией йогурта с клубникой для детей от 8 месяцев Gerber,GBR-04730,,GBR-04730,,,Gerber,0
120,"Астаксантин, 4 мг, 150 кап.",HOG-84916,,HOG-84916,20672-01,,Healthy Origins,0
121,"Астаксантин, 4 мг, 60 кап.",HOG-84913,,HOG-84913,,,Healthy Origins,0
122,"Метилфолат, Jarrow Formulas, 400 мкг, 60 капсул","JRW-30006
1087742301
10715-01",1087742301,JRW-30006,10715-01,,Jarrow Formulas,0
123,"Глютамин в порошке, Jarrow Formulas, 113 г",,,JRW-15009,,,Jarrow Formulas,0
124,"Комплекс коллагенов типа II, 60 капсул","JRW-29051
10909-01",,JRW-29051,10909-01,,Jarrow Formulas,0
125,"Инозитол, 750 мг, 100 капсул",JRW-01024,,JRW-01024,,,Jarrow Formulas,0
126,"Пребиотики с инулином и фруктоолигосахаридами, порошок, 180 г ",JRW-03025,,JRW-03025,,,Jarrow Formulas,0
127,Факторы защиты макулы Jarrow Formulas (Macula Protective Factors) 30 капсул,JRW-29074,2046643572,JRW-29074,,,Jarrow Formulas ,0
128,"Магний малат ""Magnesium Malate"" Kal, 400 мг, 90 таблеток","1404666959	
CAL-81309	
19506-01",1404666959,CAL-81309,19506-01,21245813095,Kal,2
129,"Глицинат магния, 400 мг, 90 таблеток",19513-01,,CAL-81109,19513-01,,KAL,0
130,"Магний таурат+, Kal, 400 мг, 90 таблеток","CAL-36975
1404704351
19511-01",1404704351,CAL-36975,19511-01,21245369752,KAL,1
131,"Добавка при стрессе с ГАМК, L-теанином, GABA L-Theanine Stress B, KAL, манго и мандарин, 100 пастилок","1772571441	
CAL-27691",1772571441,CAL-27691,,,KAL,0
132,"KAL, Глицинат магния с высокой усвояемостью, 180 мягких таблеток",,,CAL-81209,,,KAL,0
133,"Пробиотики, смесь из 10 штаммов, 25 млрд КОЕ, 60 вегетарианских капсул",LKN-01422,,LKN-01422,,,Lake Avenue Nutrition,0
134,"Гиалуроновая кислота, 100 мг, 60 растительных капсул",,,LKN-01662,,,Lake Avenue Nutrition,0
135,"Аминокислоты, 240 растительных капсул",,,LKN-01512,,,Lake Avenue Nutrition,0
136,"Экстракт Ашваганды, 60 капсул","LEX-88806        
20320-01",1854575379, LEX-88806,20320-01,737870888062,Life Extension,1
137,"Активатор метаболизма, AMPK Metabolic Activator, Life Extension, 30 вегетарианских таблеток",LEX-22073,2141842864,LEX-22073,,,Life Extension,0
138,"Поддержание уровня гомоцистеина, Homocysteine Resist, Life Extension, 60 растительных капсул        ","LEX-21216
19882-01",2195819902,LEX-21216,19882-01,737870212164,Life Extension,0
139,"БЦАА, BCAA, аминокислоты с разветвлённой цепью, Branched Chain Amino Acids, Life Extension, 90 капсул",LEX-12539,2195821707,LEX-12539,,,Life Extension,0
140,"Магний (цитрат), Magnesium (citrate), Life Extension, 160 мг, 100 вегетарианских капсул",LEX-16821,2176782861,LEX-16821,,,Life Extension,0
141,"Life-flo, жидкий йод плюс, 59 мл (2 жидк. унции)","LFH-91547
1622090776",1622090776,LFH-91547,,,Life-flo,0
142,"Чистые магниевые хлопья, рассол хлорида магния, Life-flo, 1,65 фунта",LFH-50618,1805815968,LFH-50618,,,Life-flo,0
143,"Life-flo, спрей из чистого магниевого масла, 237 мл (8 жидк. унций)","LFH-40530
1821469260",1821469260,,,,Life-flo,0
144,"Mielle, Олія для зміцнення шкіри голови та волосся, розмарин та м'ята, 2 рідких унції (59 мл)",,2200842297,MIE-00673,,,Mielle,0
145,"Водичка от колик во время сна ""Gripe Water Night Time"" Mommy's Bliss, 120 мл",,,BAB-05410,,,Mommy's Bliss,0
146,"Водичка от колик для младенцев оригинальная ""Gripe Water Original"" Mommy's Bliss, 120 мл",BAB-05299,2265966696,BAB-05299,,679234052996,Mommy's Bliss,1
147,"Ресвератрол, 60 капсул","1329367865        
MRM-85000",1329367865,MRM-85000,,,MRM,0
148,"Ацетил-L-карнитин, 60 капсул",MRM-85003,2195828115,MRM-85003,,,MRM,0
149,"Жидкий коэнзим Q-10 и L-карнитин, апельсин и ваниль, 480 мл ",MRM-72217,1411351876,MRM-72217,,,MRM,0
150,"Кордицепс, штамм CS-4, 60 веганских капсул",1431300112,1431300112,"MRM-71030",,,MRM,0
151,"Цитрат цинка, 50 мг, 90 таблеток",,1286648883,NFS-01680,,,Natural Factors,0
152,"БиоСил, Natural Factors, 30 капсул",NFS-39182,,NFS-39182,,,Natural Factors,0
153,"БиоСил, Natural Factors, Генератор коллагена, 30мл",NFS-39184,,NFS-39184,,,Natural Factors,0
154,"Концентрат черники, 500 мг, 90 капсул",NFS-04516,2024455249,NFS-04516,,,Natural Factors,0
155,"Яблочный уксус, 500 мг, 180 капсул",NFS-02056,1769141083,NFS-02056,,,Natural Factors,0
156,"Яблочный уксус, 500 мг, Natural Factors, 360 капсул",,1636403586,NFS-02054,,,Natural Factors,0
157,"Кверцетин Quercetin LipoMicel.Matrix Natural Factors, 30 капсул с жидкостью","NFS-01379",1685808036,"NFS-01379",,,Natural Factors,0
158,"Яблочный уксус, 500 мг, 90 капсул",,1769161428,,,,Natural Factors,0
159,"Берберин, Berberine, Natural Factors, 500 мг, 120 вегетарианских капсул",NFS-03543,1818267770,NFS-03543,,,Natural Factors,0
160,"Берберин ""Berberine"" Natural Factors, 500 мг, 60 капсул",,1505455028,NFS-03544,,,Natural Factors,0
161,"Экстракт муравьиного дерева, 2000 мг, 30 мл","NTA-00652
1145094210",1145094210,NTA-00652,,,Nature's Answer,0
162,"Экстракт муравьиного дерева, Nature's Answer, 1000 мг, 90 капсул",NTA-16310,1284523666,NTA-16310,,,Nature's Answer,0
163,"Корень одуванчика, без спирта, 2000 мг, Nature's Answer, 30 мл","NTA-00604
1794612200",1794612200,NTA-00604,,,Nature's Answer,0
164,"Солодка, без спирта, 2000 мг, Nature's Answer, 30 мл","NTA-00640
1794619326",1794619326,NTA-00640,,,Nature's Answer,0
165,"Укрепление детского иммунитета ""Animal parade Immune booster"" Nature's Plus, 90 жевательных таблеток","NAP-29978
1996749065
19943-01",1996749065,NAP-29978,19943-01,97467299788,Nature's Plus,1
166,"Магний для детей ""Mag Kids"" Nature's Plus, вишня, 90 жевательных таблеток","NAP-29942
1447493914",1447493914,"NAP-29942",19944-01,,Nature's Plus,0
167,"Кальций для детей Animal Parade, Nature's Plus, ванильное мороженое, 90 жевательных таблеток","1447142940	
NAP-29996	
19954-01",1447142940,NAP-29996,19954-01,97467299962,Nature's Plus,2
168,"Витамины с железом ""Hema-Plex"", Nature's Plus, 60 желатиновых капсул","1447016363	
NAP-37691	
19950-01",1447016363, NAP-37691,19950-01,97467376915,Nature's Plus,1
169,Гема-Плекс харчова добавка із залізом Nature's Plus (Hema-Plex) 60 вегетаріанських капсул,"NAP-03772
21146-01",2141796832,NAP-03772,21146-01,97467037724,Nature's Plus,2
170,"Артишок, 60 капсул","NWY-64600
1239138635",1239138635,NWY-64600,,33674646007,Nature's Way,0
171,"Черная бузина, 1150 мг, 100 капсул",NWY-12440,1315044139,NWY-12440,,33674124406,Nature's Way,1
172,"Кора муравьиного дерева, 1090 мг, 180 капсул","NWY-15408
1320061182
22781-01",1320061182,NWY-15408,22781-01,33674154083,Nature's Way,0
173,"Chlorofresh, капли с хлорофиллом, со вкусом мяты, 59 мл (2 жидких унции)","20597-01
NWY-10008
1347654289",1347654289,NWY-10008,20597-01,,Nature's Way,0
174,"Жидкий хлорофилл со вкусом мяты, Chlorofresh, Nature's Way, 473 мл",NWY-03501,1365037778,NWY-03501,,,Nature's Way,0
175,"Витамин В2, рибофлавин, 100 мг, 100 капсул",NWY-40421,1378051733,NWY-40421,,,Nature's Way,0
176,"Nature's Way, зверобой, 350 мг, 100 растительных капсул","NWY-17300
1824050987",1824050987,NWY-17300,,,Nature's Way,0
177,"Гема-Плекс, Natures Plus, 30 таблеток с длительным высвобождением","NAP-03770
21566-01",2195840718,NAP-03770,21566-01,,Natures Plus,1
178,"Hema-Plex, железо для здоровых эритроцитов, NaturesPlus, 10 таблеток с замедленным высвобождением",,,,,,NaturesPlus,0
179,"Витамины с железом ""Hema-Plex"", Nature's Plus, ягодное ассорти, 60 жевательных таблеток","NAP-03768
1533389285
20670-01",1533389285,NAP-03768,20670-01,,NaturesPlus,1
180,"Омега для детей для ежедневного употребления, фруктовый вкус, Daily Omega Kids Strawberry, Nordic Naturals,
","NOR-01817
18576-01
1734054532",1734054532,NOR-01817,18576-01,768990018176,Nordic Naturals,1
181,"5-HTP, 5-гидрокситриптофан, Now Foods, 100 мг, 60 к.","NOW-00105
1089205413
06461-01",1089205413,NOW-00105,06461-01,,Now Foods,0
182,"Лецитин соевый, Now Foods, 1200 мг, 100 капсул","NOW-02210	
06767-01",1087166652,NOW-02210,06767-01,733739022103,Now Foods,6
183,"Витамин Д3, Now Foods, 2000 МЕ, 120 капсул","1097425638	 
NOW-00367	
08574-01",1097425638, NOW-00367,08574-01,733739003676,Now Foods,4
184,"Супер омега 3 6 9, Now Foods, 1200 мг, 180 капсул","NOW-01841
07706-01",,NOW-01841,07706-01,,Now Foods,0
185,"Чай из коры муравьиного дерева, без кофеина, 24 чайных пакетика, 48 г","NOW-04233
20218-01",,NOW-04233,20218-01,,Now Foods,0
186,"Хром пиколинат, Now Foods, 200 мкг, 250 капсул","NOW-01422
07573-01",,NOW-01422,07573-01,,Now Foods,0
187,"Инозитол, Now Foods, 500 мг, 100 капсул","1089244847
NOW-00475
07717-01",1089244847,NOW-00475,07717-01,,Now Foods,0
188,"Рыбий жир Омега-3 ""Omega-3"" Now Foods, 360 мг/240 мг, 500 капсул","NOW-01653
00544-01",1086371368,NOW-01653,00544-01,,Now Foods,0
189,"Витамин Д3 и К2, 1000 МЕ/45 мкг, 120 капсул","NOW-00369
08642-01",1734055183,NOW-00369,08642-01,733739003690,Now Foods,1
190,"Псиллиум Psyllium Huck Caps, Now Foods, шелуха семян подорожника, 700 мг, 180 капсул","1234596080
NOW-05973
19009-01",1234596080,NOW-05973,19009-01,733739059734,Now Foods,2
191,"Витамин A ""Vitamin A"" Now Foods, 10 000 МЕ, 100 капсул","NOW-00330	
06698-01",1234811968,NOW-00330,06698-01,733739003300,Now Foods,1
192,"Цельная оболочка семян подорожника, 454 г","1239121686
NOW-05981",1239121686,NOW-05981,,733739059819,Now Foods,1
193,"Хлорофилл с ароматом мяты ""Liquid Chlorophyll"" Now Foods, 473 мл","NOW-02644	
10729-01",1239155227,NOW-02644,10729-01,733739026446,Now Foods,1
194,"Метилфолат 1000, 90 таб","NOW-00491	
11734-01",2128301971,NOW-00491,11734-01,733739004918,Now Foods,1
195,"Л-лизин 1000, 100таб","1255662189
NOW-00113
03872-01",1255662189,NOW-00113,03872-01,733739001139,Now Foods,1
196,"Селен 100, 250 таб","1255671875
NOW-01482
07727-01",1255671875,NOW-01482,07727-01,733739014825,Now Foods,0
197,"Ниацин 500, 100 кап","NOW-00481	
07268-01",1255601711,NOW-00481,07268-01,733739004819,Now Foods,0
198,"Калий 99, 180 кап","1255639385	
NOW-01448	
09238-01",1255639385,NOW-01448,09238-01,733739014481,Now Foods,1
199,"Фолиевая кислота и В12, 800 мкг, 250 таблеток","NOW-00476	
07124-01",2139783720,NOW-00476,07124-01,733739004765,Now Foods,1
200,"NOW Foods, A&D, 100 мягких таблеток","NOW-00350	
06488-01",2141798439,NOW-00350,06488-01,733739003508,Now Foods,1
201,"Витамин D-3, 5000 МЕ, 120 капсул","1275688703	
NOW-00372	
08234-01",1275688703,NOW-00372,08234-01,733739003826,Now Foods,1
202,"Биотин, Biotin, Now Foods, 5000 мкг, 60 капсул","NOW-00471	
07005-01",,NOW-00471,07005-01,733739004710,Now Foods,0
203,"Витамин B1, 100 мг, 100 таблеток, тиамин","1288868265	
NOW-00446	
08228-01",1288868265,NOW-00446,08228-01,733739004468,Now Foods,2
204,"Витамин D-3, 2000 МЕ, 240 капсул","1292018703	
NOW-00377	
08100-01",1292018703,NOW-00377,08100-01,733739003775,Now Foods,2
205,"Мелатонин, 5 мг, 180 капсул","NOW-03556
06267-01",1294087125,"NOW-03556",06267-01,733739035561,Now Foods,0
206,"ZMA, 90 капсул","NOW-02200	
00196-01",1304178363,NOW-02200,00196-01,733739022004,Now Foods,0
207,"Сенна, 470 мг, 100 капсул","NOW-04752	
22038-01",1316295203,NOW-04752,22038-01,733739047526,Now Foods,0
208,"Подсолнечный лецитин, 1200 мг, 100 капсул","NOW-02311	
11507-01",2125989621, NOW-02311,11507-01,733739023117,Now Foods,3
209,"Витамин Д3, 5000 МЕ, 240 капсул","1316306521	
NOW-00373	
08439-01",1316306521,NOW-00373,08439-01,733739003737,Now Foods,1
210,"5-гидрокси L-триптофан (5-НТР), Now Foods, 50 мг, 90 кап.","NOW-00099	
06352-01",,NOW-00099,06352-01,733739000996,Now Foods,0
211,"Бетаина гидрохлорид, 648 мг, 120 капс.","1156816078	
NOW-02938	
07810-01",1156816078,NOW-02938,07810-01,733739029386,Now Foods,0
212,"Калий цитрат, 340 г","NOW-01446	
09989-01",,NOW-01446,09989-01,733739014467,Now Foods,0
213,"Селен 100 мкг, 100 таблеток","NOW-01480	
09065-01",1305485948,NOW-01480,09065-01,733739014801,Now Foods,0
214,"Мелатонин, 5 мг, 60 капсул","1292476881	
NOW-03555	
06266-01",1292476881,NOW-03555,06266-01,733739035554,Now Foods,2
215,"Диметилглицин, DMG, 125 мг, 100 капсул","NOW-00472	
09117-01",1323108959,NOW-00472,09117-01,733739004727,Now Foods,0
216,"Порошок из шелухи семян подорожника, 340 г (12 унций)","NOW-05968	
21182-01",1325649895,NOW-05968,21182-01,,Now Foods,0
217,"Релора, 300 мг, 60 растительных капсул","2141802157	
NOW-03342	
18354-01",2141802157,"NOW-03342",18354-01,733739033420,Now Foods,2
218,"Моногидрат креатина, 750 мг, 120 капсул","NOW-02035	
10048-01",,NOW-02035,10048-01,,Now Foods,0
219,"Органическая спирулина, 1000 мг, 120 таблеток","2088391740
NOW-02715	
08152-01",2088391740,NOW-02715,08152-01,,Now Foods,0
220,"Чай органическая сенна, без кофеина, 24 чайных пакетика, 1,7 унции (48 г)","NOW-04236
1340995276",1340995276,NOW-04236,,,Now Foods,0
221,"ГАМК, 500 мг, 100 капсул","NOW-00087
05703-01",,NOW-00087,05703-01,,Now Foods,0
222,"Мака, 750 мг, 90 капсул","NOW-04777
07805-01",1608596669,NOW-04777,07805-01,,Now Foods,0
223,"Таурин, 500 мг, 100 капсул","1360738898	
NOW-00140	
06694-01",1360738898,NOW-00140,"06694-01",733739001405,Now Foods,1
224,"Хитозан и хром, 500 мг, 120 капсул","1365057971	
NOW-02025	
09110-01",1365057971,NOW-02025,09110-01,733739020253,Now Foods,1
225,"Холин и инозитол, 500 мг, 100 капсул","NOW-00470	
08308-01",2195857478,NOW-00470,08308-01,733739004703,Now Foods,1
226,"L-аргинин, 500 мг, 250 капсул","NOW-00031
00197-01",,NOW-00031,00197-01,,Now Foods,0
227,"Поддержка уровня кортизола, Super Cortisol Support, 90 капсул","NOW-03344	
07926-01",1819196917,NOW-03344,07926-01,,Now Foods,0
228,"Помощь при менопаузе, Menopause Support, 90 капсул","NOW-03325
07725-01",,NOW-03325,07725-01,,Now Foods,0
229,"Куркума и куркумин, 60 капсул","NOW-04638
18887-01",,NOW-04638,18887-01,,Now Foods,0
230,"Яблочная клетчатка, чистый порошок, 340 г (12 унций)","1417551069	
NOW-05908	
20095-01",1417551069,NOW-05908,20095-01,733739059086,Now Foods,2
231,"Магний цитрат ""Magnesium Citrate"", 400 мг, 120 капсул","1441438023	
NOW-01294	
08144-01",1441438023,NOW-01294,08144-01,733739012944,Now Foods,3
232,"Серебряная вода ""Silver Sol"" Now Foods, 118 мл","NOW-01407	
19072-01",1466312800,NOW-01407,19072-01,733739014078,Now Foods,2
233,"Серебряная вода ""Silver Sol"" Now Foods, 237 мл","NOW-01408	
18831-01",NOW-01408,,18831-01,,Now Foods,0
234,"L-глутатион, 500 мг, Now Foods, 30 капсул","1468519223        
NOW-00175        
18429-01",1468519223,NOW-00175,18429-01,733739001757,Now Foods,2
235,"Добавка для переваривания глютена ""Gluten Digest"" Now Foods, 60 капсул","NOW-02959
20184-01",,NOW-02959,20184-01,,Now Foods,0
236,"Чистый порошок D-манноза ""D-Mannose Pure Powder"" Now Foods, для мочевыводящих путей, 85 г
","1467398070	
NOW-02810	
20185-01",1467398070,NOW-02810,20185-01,733739028105,Now Foods,1
237,"Поддержка здоровья ЛОР-органов ""OralBiotic"" Now Foods, 60 пастилок","NOW-02921
19698-01",1470565585,NOW-02921,19698-01,,Now Foods,0
238,"Силимарин, экстракт расторопши, 300 мг, Now Foods, 50 капсул","1474770929
NOW-04738	
10400-01",1474770929,NOW-04738,10400-01,,Now Foods,0
239,"Органическая спирулина, 500 мг, Now Foods, 200 таблеток","NOW-02698
11473-01",,NOW-02698,11473-01,,Now Foods,0
240,"Белокопытник ""Butterbur"" Now Foods, 60 капсул","1466785573
NOW-04602
20211-01",1466785573,NOW-04602,20211-01,,Now Foods,0
241,"ПАБК (пара-аминобензойная кислота) ""PABA"" Now Foods, 500 мг, 100 капсул","1520772669
NOW-00485
09111-01",1520772669,NOW-00485,09111-01,,Now Foods,0
242,"L-метионин ""L-Methionine"" Now Foods, 500 мг, 100 капсул","NOW-00117
07496-01",,NOW-00117,07496-01,,Now Foods,0
243,"Селен ""Selenium"" Now Foods, 200 мкг, бездрожжевой, 90 растительных капсул","NOW-01485
09133-01",,NOW-01485,09133-01,,Now Foods,0
244,"L-триптофан ""L-Tryptophan"" Now Foods, 500 мг, 60 капсул","1476106501	
NOW-00166
07385-01",1476106501,"NOW-00166
",07385-01,733739001665,Now Foods,2
245,"Жир печени трески ""Cod Liver Oil"" Now Foods, двойная концентрация, 70 мг/100 мг, 90 капсул","NOW-01743
08002-01",1467358959,NOW-01743,08002-01,,Now Foods,0
246,"L-цистеин ""L-Cysteine"" Now Foods, 500 мг, 100 таблеток","2106497445
NOW-00077
09179-01",2106497445,NOW-00077,09179-01,,Now Foods,0
247,"Альфа-липоевая кислота ""Alpha Lipoic Acid"" 250 мг, Now Foods, 60 капсул","NOW-03043
06478-01",,NOW-03043,06478-01,,Now Foods,0
248,"Корень валерианы ""Valerian Root"" Now Foods, 500 мг, 100 капсул
","1515498848
NOW-04770
06390-01",1515498848,NOW-04770,06390-01,,Now Foods,0
249,"Комплекс железа ""Iron Complex"" Now Foods, 100 таблеток
","1515569690
NOW-01441	
07500-01",1515569690,NOW-01441,07500-01,,Now Foods,0
250,"Пантотеновая кислота ""Pantothenic Acid"" Now Foods, 500 мг, 100 капсул","1515517506	
NOW-00486	
08703-01",1515517506,NOW-00486,08703-01,733739004864,Now Foods,1
251,"Омега 3 ""Super Omega EPA"" Now Foods, 360 мг/240 мг, 120 капсул","NOW-01682	
08004-01",1596634783,NOW-01682,08004-01,733739016829,Now Foods,2
252,"N-ацетилцистеин ""NAC"" Now Foods, 600 мг, 100 капсул","1469303380	
NOW-00085
10481-01",1469303380,"NOW-00085
",10481-01,733739000859,Now Foods,2
253,"Комплекс для микрофлоры кишечника ""Candida Support"", Now Foods, 90 капсул
","1356235444	
NOW-03308	
08738-01",1356235444,NOW-03308,08738-01,733739033086,Now Foods,2
254,"Коэнзим Q-10 ""CoQ10"" 100 мг, Now Foods, 30 капсул","NOW-03210
08494-01",,NOW-03210,08494-01,,Now Foods,0
255,"Глюкоманнан ""Glucomannan"" Now Foods, 575 мг, 180 капсул","NOW-06512
07950-01",,NOW-06512,07950-01,,Now Foods,0
256,"Глицин ""Glycine"" 1000 мг, Now Foods, 100 капсул","NOW-00107
07668-01",,NOW-00107,07668-01,,Now Foods,0
257,"Добавка для настроения со зверобоем ""Mood Support with St. John's Wort"" Now Foods, 90 капсул","NOW-03351
10574-01",,NOW-03351,10574-01,,Now Foods,0
258,"Кора муравьиного дерева ""Pau D'Arco 500 mg of Inner Bark"" Now Foods, 500 мг, 100 капсул","2141841305	
NOW-04725	
18929-01",2141841305,NOW-04725,18929-01,733739047250,Now Foods,1
259,"Биотин ""Biotin"" Now Foods, 1000 мкг, 100 капсул","1466747165
06311-01
NOW-00469",1466747165,NOW-00469,06311-01,,Now Foods,1
260,"Витамин В2, рибофлавин ""B-2"" Now Foods, 100 мг, 100 капсул","1517285573	
NOW-00447	
07998-01",1517285573,NOW-00447,07998-01,733739004475,Now Foods,2
261,"Гинкго Билоба ""Ginkgo Biloba"" 60 мг, Now Foods, 60 капсул","NOW-04686	
06455-01",1756675072,NOW-04686,06455-01,733739046864,Now Foods,1
262,"Магний в капсулах ""Magnesium Caps"", Now Foods, 180 капсул","1441429826	
NOW-01283	
06663-01",1441429826,NOW-01283,06663-01,733739012838,Now Foods,0
263,"Суперэнзимы ""Super Enzymes"" Now Foods, 90 капсул","NOW-02963	
06364-01",,NOW-02963,06364-01,733739029638,Now Foods,0
264,"E-400  ""E-400 d-alpha Tocopheryl"", Now Foods, 100 мягких таблеток","1659827508	
NOW-00906	
21712-01",1659827508,NOW-00906,21712-01,733739009067,Now Foods,2
265,"Ресвератрол, 50 мг, 60 капсул","1516528052
NOW-03339
11245-01",1516528052,NOW-03339,11245-01,,Now Foods,0
266,"Мультивитамины и минералы, Daily Vits, Now Foods, 100 таблеток","NOW-03770
00152-01",1357258698,NOW-03770,00152-01,,Now Foods,0
267,"D-манноза ""D-Mannose"" Now Foods, для мочевыводящих путей, 500 мг, 120 капсул","1442132546
NOW-02811       
 18824-01",1442132546,NOW-02811,18824-01,,Now Foods,0
268,"Метилсульфонилметан ""MSM"" Now Foods, 1000 мг, 120 капсул","NOW-02120
04560-01",1469251009,NOW-02120,04560-01,,Now Foods,0
269,"Псиллиум ""Psyllium Huck Caps"" Now Foods, 500 мг, 200 капсул","NOW-05970
18615-01",2172706589,NOW-05970,18615-01,,Now Foods,0
270,"Омега-3 из красного риса ""Red Omega"" Now Foods, 360 мг/240 мг, 90 капсул","NOW-01675
1472457715",1472457715,NOW-01675,,,Now Foods,0
271,"Омега ""Tri-3D Omega-3"" Now Foods, 330 мг/220 мг, 90 желатиновых таблеток","NOW-01686
09308-01",1473213127,NOW-01686,09308-01,733739016867,Now Foods,2
272,"Куркумин ""Curcumin Softgels"" Now Foods, 475 мг, 60 капсул
","1467394812	
NOW-04938	
18546-01",1467394812,NOW-04938,18546-01,,Now Foods,0
273,"Супер омега 3-6-9 Omega 3-6-9, 1200 Now Foods, 90 капсул","NOW-01839	
08783-01",,NOW-01839,08783-01,,Now Foods,0
274,"Глюкозамин ""Glucosamine"" Now Foods, 1000 мг, 60 капсул","1468227584	
NOW-03237	
06477-01",1468227584,NOW-03237,06477-01,733739032379,Now Foods,1
275,"Добавка с корнем женьшеня ""Panax Ginseng"" Now Foods, 500 мг, 100 капсул","1470597694	
NOW-04012	
18397-01",1470597694,NOW-04012,18397-01,,Now Foods,0
276,"Витамин B6 ""B-6"" Now Foods, 100 мг, 100 капсул","NOW-00456	
06666-01",, NOW-00456,06666-01,,Now Foods,0
277,"P-5-P, Now Foods, 50 мг, 90 капсул","NOW-00461	
09497-01",2139934788,NOW-00461,09497-01,,Now Foods,0
278,"Магний цитрат ""Magnesium Citrate"", Now Foods, 200 мг, 100 таблеток","NOW-01290
10421-01",,NOW-01290,10421-01,,Now Foods,0
279,"Чистый порошок инулина ""Inulin Pure Powder"" Now Foods, 227 г","NOW-02944	
18257-01",,NOW-02944,18257-01,,Now Foods,0
280,"Селен ""Selenium"" Now Foods, 200 мкг, 180 капсул","1482448803	
NOW-01486	
08264-01",1482448803,NOW-01486,08264-01,733739014863,Now Foods,2
281,"Аргинин и цитруллин ""Arginine & Citrulline"" Now Foods, 120 капсул","NOW-00037	
06703-01",,NOW-00037,06703-01,,Now Foods,0
282,"L-фенилаланин ""L-Phenylalanine"" Now Foods, 500 мг, 120 капсул","NOW-00132	
03874-01",,NOW-00132,03874-01,,Now Foods,0
283,"L-пролин ""L-Proline"" Now Foods, 500 мг, 120 капсул","NOW-00133	
09180-01",,NOW-00133,09180-01,,Now Foods,0
284,"L-лизин ""L-Lysine"" Now Foods, 500 мг, 100 капсул","NOW-00110	
06360-01",2141805287,"NOW-00110",06360-01,733739001108,Now Foods,1
285,"Таурин двойной концентрации ""Taurine Double Strength"" Now Foods, 1000 мг, 100 капсул","NOW-00142	
07716-01",,NOW-00142,07716-01,733739001429,Now Foods,0
286,"Биотин ""Biotin 10,000 mcg extra strength"" Now Foods, 10 000 мкг, 120 капсул","1466749851	
NOW-00479	
10046-01",1466749851,NOW-00479,10046-01,,Now Foods,0
287,"E-400 со смешанными токоферолами ""E-400 with mixed Tocopheryl"", Now Foods, 50 мягких таблеток",NOW-00890,,NOW-00890,,,Now Foods,0
288,"Артишок ""Artichoke extract"" Now Foods, 450 мг, 90 капсул","1519677453	
NOW-04592	
11743-01",1519677453,NOW-04592,11743-01,,Now Foods,0
289,"Комплекс для микрофлоры кишечника ""Candida Support"", Now Foods, 180 капсул","NOW-03319	
07938-01",,NOW-03319,07938-01,,Now Foods,0
290,"Коэнзим Q-10 ""CoQ10"" 60 мг, Now Foods, 60 капсул","1467378457	
NOW-03153	
09505-01",1467378457,NOW-03153,09505-01,733739031532,Now Foods,1
291,"Мелатонин Melatonin, 10 мг, Now Foods, 100 капсул","NOW-03557	
06665-01",1735768980,NOW-03557,06665-01,,Now Foods,0
292,"Экстракт босвеллии ""Boswellia Extract"", Now Foods, 500 мг, 90 капсул","NOW-04936	
11742-01",1442068287,NOW-04936,11742-01,,Now Foods,0
293,"Калий плюс йод ""Potassium Plus Iodine"" Now Foods, 60 таблеток",,,,,,Now Foods,0
294,"Калий плюс йод ""Potassium Plus Iodine"" Now Foods, 180 таблеток","NOW-01452	
18560-01",1482420236,NOW-01452,18560-01,733739014528,Now Foods,2
295,"Экстракт виноградных косточек ""Extra Strength Grape Seed"" 250 мг, Now Foods, 90 капсул","NOW-03274        
18872-01
1468530078",1468530078,NOW-03274,18872-01,,Now Foods,0
296,"Липосомальный спрей с витамином D3 и K2 ""Vitamin D-3 & K-2 Liposomal Spray"" Now Foods, 59 мл","NOW-00381	
18480-01",,NOW-00381,18480-01,,Now Foods,0
297,"Поддержка печени, Liver Refresh, Now Foods, 90 капсул","1469172465	
NOW-02448	
05896-01",1469172465,NOW-02448,05896-01,,Now Foods,0
298,"Гидроксиапатит кальция ""Calcium Hydroxyapatite Caps"" Now Foods, 120 капсул","1479967314	
NOW-01253	
18773-01",1479967314,NOW-01253,18773-01,733739012531,Now Foods,2
299,"L-триптофан ""L-Tryptophan"" Now Foods, 57 г",,,NOW-00263,,,Now Foods,0
300,"L-тирозин ""L-Tyrosine"" Now Foods, 500 мг, 120 капсул","NOW-00162	
07713-01",1653819319,NOW-00162,07713-01,733739001627,Now Foods,1
301,"Порошок карбоната кальция ""Calcium Carbonate"", Now Foods, 340 г","NOW-01245        
11495-01",1478633116,NOW-01245,11495-01,733739012456,Now Foods,0
302,"Цитрат кальция ""Calcium Citrate"" Now Foods, 100 таблеток
","NOW-01230	
06691-01",1608983060,NOW-01230,06691-01,,Now Foods,0
303,"Хром пиколинат Chromium Picolinate, Now Foods, 200 мкг, 100 капсул
",,,NOW-01420,02134-01,,Now Foods,0
304,"Комплекс витаминов для мужчин ""Men's Active Sports Multi"" Now Foods, 90 капсул
","NOW-03890	
03867-01",,NOW-03890,03867-01,,Now Foods,0
305,"Глюконат калия ""Potassium Gluconate"" Now Foods, 99 мг, 100 таблеток","1654126499	
NOW-01460	
18167-01",1654126499,NOW-01460,18167-01,,Now Foods,0
306,"Комплекс незрелого черного ореха и полыни ""Black Walnut Wormwood Complex ""Green"", Now Foods, 59 мл","NOW-04982	
19082-01",1441969929,NOW-04982,19082-01,,Now Foods,0
307,"Псиллиум Whole Psyllium Huck, Now Foods, шелуха семян подорожника, 680 г","NOW-05982	
18608-01",,NOW-05982,18608-01,,Now Foods,0
308,"Добавка для мужчин ""Testo Jack 200"" Now Foods, 60 капсул","1473197702	
NOW-02198	
09506-01",1473197702,NOW-02198,09506-01,,Now Foods,0
309,"Яблочный уксус ""Apple Cider Vinegar"" Now Foods, 450 мг, 180 капсул","NOW-03317	
20170-01",1517497414,NOW-03317,20170-01,,Now Foods,0
310,"Изофлавоны сои ""Soy Isoflavones"" Now Foods, 150 мг, 120 капсул","NOW-0328	
20114-01",1451725450,NOW-0328,20114-01,,Now Foods,0
311,"Мукуна жгучая, Dopa Mucunа, Now Foods, 90 капсул","NOW-03092	
07246-01",1357293311,NOW-03092,07246-01,733739030924,Now Foods,2
312,"Добавка для мужчин ""Testo Jack 100"" Now Foods, 60 капсул","NOW-02168
08229-01",1473136665,NOW-02168,"
08229-01",,Now Foods,0
313,"Ашваганда ""Ashwagandha"" Now Foods, 450 мг, 90 капсул","1441946624	
NOW-04603	
08196-01",1441946624,NOW-04603,08196-01,733739046031,Now Foods,1
314,"L-теанин ""L-Theanine"" Now Foods,100 мг, 90 капсул","1504214739	
NOW-00145	
07655-01",1504214739,NOW-00145,07655-01,733739001450,Now Foods,2
315,"Органическая спирулина, 500 мг, Now Foods, 120 капсул","NOW-02702	
07719-01",1469311632,NOW-02702,07719-01,,Now Foods,0
316,"Добавка для мочевыводящих путей ""Water Out"" Now Foods, 100 капсул","1485928170	
NOW-01908	
07724-01",1485928170,NOW-01908,07724-01,733739019080,Now Foods,3
317,"Малат магния ""Magnesium Malate"", Now Foods, 1000 мг, 180 таблеток","1481241621
NOW-01300	
10387-01",1481241621,NOW-01300,10387-01,733739013002,Now Foods,0
318,"Омега-3 Omega-3, Now Foods, поддержка сердца 180 EPA/120 DHA, 100 капсул","1357130593	
NOW-01657	
00151-01",1357130593,NOW-01657,00151-01,733739016577,Now Foods,1
319,Витамин E Now Foods (Е-200) 100 желатиновых капсул,"NOW-00880       
02909-01",1504218919,NOW-00880,02909-01,,Now Foods,0
320,Пищевые дрожжи в порошке Now Foods (Nutritional Yeast Powder) 284 г,NOW-02460,1469323301,NOW-02460,,733739024602,Now Foods,2
321,"Гарпагофитум ""Devil`s Claw"" Now Foods, 100 капсул","NOW-04650	
08007-01",,NOW-04650,08007-01,,Now Foods,0
322,Каприловая кислота Now Foods (Caprylic Acid) 100 мягких капсул,"NOW-03347	
18220-01",1466935588,NOW-03347,18220-01,,Now Foods,0
323,Женские пробиотики Now Foods (Women`s Probiotic) 20 млрд КОЕ 50 капсул,"NOW-02906	
18298-01",1515527458,NOW-02906,18298-01,,Now Foods,0
324,"NOW Foods, берберин и глюкоза, 90 капсул",NOW-01418,,NOW-01418,,733739014184,Now Foods,0
325,"Липосомальный спрей с витамином B-12 ""B-12 Liposomal Spray"" Now Foods, 1000 мкг, 59 мл","NOW-03910	
20685-01",1533600108,NOW-03910,20685-01,,Now Foods,0
326,"Красный клевер ""Red Clover"" Now Foods, 375 мг, 100 капсул","NOW-04730	
19113-01",1472445909,NOW-04730,19113-01,,Now Foods,0
327,"Чистый порошок гамма-аминомасляной кислоты ""GABA"" Now Foods, 170 г","NOW-00215	
08005-01",1468171213,NOW-00215,08005-01,,Now Foods,0
328,"Метилкобаламин ""Methyl B-12 1000 mсg"" Now Foods, 100 пастилок","1481769978	
NOW-00495	
11368-01",1481769978,NOW-00495,11368-01,,Now Foods,0
329,Спирулина органическая Now Foods (Spirulina Organic) 500 мг 100 таблеток,"1363093441	
NOW-02696	
06452-01",1363093441,"NOW-02696",06452-01,733739026965,Now Foods,2
330,"Гарциния ""Garcinia"" Now Foods, 1000 мг, 120 таблеток","1519661757	
NOW-01435	
11183-01",1519661757,NOW-01435,11183-01,733739014351,Now Foods,2
331,"Масло МСТ Now Foods (MCT Oil) 1000 мг 150 гелевых капсул","1519665250	
NOW-02196	
09115-01",1519665250,NOW-02196,09115-01,733739021960,Now Foods,3
332,"Корень одуванчика ""Dandelion Root"" 500 мг, Now Foods, 100 капсул","1405068262	
NOW-04645	
19482-01",1405068262,NOW-04645,19482-01,733739046451,Now Foods,1
333,"Концентрат Алоэ вера ""Aloe Vera Concentrate"" Now Foods, 118 мл","NOW-03030	
18303-01",,NOW-03030,18303-01,733739030306,Now Foods,0
334,"Ашваганда ""Ashwagandha"" Now Foods, 450 мг, 180 капсул","1794453696	
NOW-04593	
20171-01",1794453696,NOW-04593,20171-01,733739045935,Now Foods,1
335,"Корень лопуха ""Burdock Root"" Now Foods, 430 мг, 100 капсул","NOW-04608	
20214-01",1466778258,"NOW-04608",20214-01,733739046086,Now Foods,1
336,"Касторовое масло ""Castor Oil"" Now Foods, 650 мг, 120 капсул","NOW-01723	
10241-01",1466938883,NOW-01723,10241-01,733739017239,Now Foods,1
337,"Добавка для улучшения работоспособности ""Energy"" Now Foods, 90 капсул","NOW-03326	
06362-01",1515075166,NOW-03326,06362-01,,Now Foods,0
338,Масло чайного дерева Now Foods (Essential Oils Tea Tree) 30 мл,"NOW-07625	
20054-01",2195884728,NOW-07625,20054-01,733739076250,Now Foods,1
339,Скользкий вяз Now Foods (Slippery Elm) 400 мг 100 капсул,"NOW-04750	
19483-01",1756675187,"NOW-04750",19483-01,733739047502,Now Foods,2
340,"Мега D3 и MK-7 ""Mega D-3 & MK-7 5000 IU / 180 mcg"" Now Foods, 60 капсул","NOW-00384	
18854-01",1481691211,NOW-00384,18854-01,733739003843,Now Foods,1
341,Мака Now Foods (Maca) 500 мг 100 вегетарианских капсул,"1469214621	
NOW-04721	
07309-01",1469214621,NOW-04721,07309-01,733739047212,Now Foods,1
342,Теанин Now Foods (L-Theanine) 100 мг 90 жевательных таблеток,"1504216047	
NOW-00144	
19846-01",1504216047,NOW-00144,19846-01,,Now Foods,0
343,"Л-карнитин ""L-Carnitine purest form"", Now Foods, 1000 мг, 50 таблеток","NOW-00067	
10743-01",1485233669,NOW-00067,10743-01,,Now Foods,0
344,"Пивные дрожжи ""Brewer's Yeast 10 Grain"", Now Foods, 650 мг, 200 таблеток","NOW-02410	
19487-01",1516461698,NOW-02410,19487-01,733739024107,Now Foods,1
345,Гидрокситриптофан Now Foods (5-HTP) 50 мг 30 капсул,"NOW-00097	
06310-01",1357251176,NOW-00097,06310-01,733739000972,Now Foods,1
346,Инозитол порошок Now Foods (Inositol Powder) 113 г,"1481084850
NOW-00527	
19196-01",1481084850, NOW-00527,19196-01,,Now Foods,0
347,Витамин Е со смешанными токоферолами Now Foods (Vitamin E-400) 268 мг 400 МЕ 100 гелевых капсул,"NOW-00892	
21712-01",1866766475,NOW-00892,21712-01,,Now Foods,0
348,Кошачий коготь экстракт Now Foods (Cat's Claw Extract) 120 растительных капсул,"NOW-04628	
08221-01",1866766396,NOW-04628,08221-01,,Now Foods,0
349,"Лецитин соевый, 1200 мг, Now Foods, 200 капсул","NOW-02313	
11023-01",1386641960,NOW-02313,11023-01,,Now Foods,0
350,Магния малат Now Foods (Magnesium Malate) 180 капсул,"NOW-01298	
20796-01",1878428470,NOW-01298,20796-01,733739013033,Now Foods,0
351,Жевательный Витамин C вкус черешни Now Foods (Vitamin C-500) 100 таблеток,"NOW-00640	
07126-02",1866766450,NOW-00640,07126-02,,Now Foods,0
352,"Гинкго Билоба ""Ginkgo Biloba Double Strength"" 120 мг, Now Foods, 50 капсул","NOW-04682	
07317-01",1734054676,NOW-04682,"07317-01",733739046826,Now Foods,1
353,MK-7 Витамин K-2 Now Foods (MK-7 Vitamin K-2) 100 мкг 120 капсул,"NOW-04682	
07317-01",,NOW-00993,07797-01,733739009937,Now Foods,0
354,Стевия подсластитель Now Foods (Better Stevia Instant Tabs) 175 таблеток,"NOW-06919	
06420-01",2195922503,"NOW-06919",06420-01,733739069191,Now Foods,1
355,Стевия жидкий подсластитель Now Foods (Stevia Liquid Extract) 59 мл,"NOW-06955	
06689-01",2195925515,NOW-06955,06689-01,733739069559,Now Foods,0
356,Жидкий витамин Д3 Now Foods (Liquid Vitamin D-3) 60 мл,NOW-00370,1481187193,NOW-00370,,733739003706,Now Foods,0
357,"Цинк Zinc, Now Foods, 50 мг, 100 таблеток
","1483959855	
NOW-01520	
06474-01",1483959855,"NOW-01520",06474-01,733739015204,Now Foods,1
358,Лізин Now Foods (L-Lysine) 1000 мг 250 таблеток,"NOW-00123	
08505-01",2166515366,NOW-00123,08505-01,,Now Foods,0
359,Вітамін K2 Now Foods (Vitamin K2) 100 мкг 100 капсул,"1463136458
NOW-00990	
07797-01",1463136458,NOW-00990,07797-01,,Now Foods,0
360,Крушина Now Foods (Cascara Sagrada) 450 мг 100 вегетаріанських капсул,"1451242539	
NOW-04620	
20105-01",1451242539,NOW-04620,20105-01,733739046208,Now Foods,1
361,"Кальций с магнием ""Cal-Mag Caps"" Now Foods, 120 капсул","NOW-01251	
06480-01",1476126229,NOW-01251,06480-01,,Now Foods,0
362,"Витамин B12 ""B-12"" Now Foods, 1000 мкг, 100 пастилок","1466359086
NOW-00466	
09106-01",1466359086,"NOW-00466",09106-01,,Now Foods,0
363,"Жидкий витамин B12, В-комплекс ""B-12 Liquid B-Complex"" Now Foods, 59 мл","NOW-00464	
08008-01",1466362686,NOW-00464,08008-01,733739004642,Now Foods,1
364,Магній і калій аспартат Now Foods (Magnesium & Potassium Aspartate) 120 капсул,"NOW-01320	
09138-01",2120230269,"NOW-01320",09138-01,733739013200,Now Foods,1
365,Ехінацея екстракт Now Foods (Echinacea Extract) 60 мл,"NOW-04840
",2169384806,"NOW-04840
",,73373901320,Now Foods,1
366,Аргінін Now Foods (L-Arginine) 500 мг 100 капсул,"NOW-00030	
02903-01",2171024302,NOW-00030,02903-01,733739000309,Now Foods,0
367,Вітаміни для жінок Now Foods (Eve Women's Multi) 90 капсул,"NOW-03802	
05459-01",2178859783,NOW-03802,05459-01,733739038029,Now Foods,0
368,Вітамін B12 і фолієва кислота Now Foods (Vitamin B12 Folic Acid) 1000 мкг 100 льодяників,"NOW-00466	
09106-01",2207213387,"NOW-00466",09106-01,733739004666,Now Foods,1
369,ДМАЕ Now Foods (DMAE) 250 мг 100 капсул,"NOW-03090	
03869-01",2241667102,"NOW-03090",03869-01,733739030900,Now Foods,2
370,Яловичий желатин Now Foods (Hydrolyzed Beef Gelatin) 550 мг 200 капсул,"NOW-06505	
20112-01",,NOW-06505,20112-01,733739065056,Now Foods,0
371,"Пажитник, Fenugreek, Now Foods, 500 мг, 100 вегетаріанських капсул","NOW-04677	
20212-01",2250614887,NOW-04677,20212-01,733739046772,Now Foods,1
372,Мелатонін Now Foods (Melatonin) 5 мг 120 таблеток,"NOW-03554	
21180-01",2277973682,NOW-03554,21180-01,733739035547,Now Foods,1
373,Гелевая зубная паста с гидрокарбонатом натрия без фтористых соединений мята Now Foods (Xyliwhite™ Toothpaste),"NOW-08091	
18335-01",2323796393,NOW-08091,18335-01,733739080912,Now Foods,1
374,Олія вечірньої примули Now Foods (Evening Primrose Oil) 500 мг 100 капсул,,2323797366,NOW-01750,18478-01,,Now Foods,1
374,"Immunity, аскорбинат натрия, кристаллический порошок, 227 г (8 унций)","NBC-00450	
20761-01",1097404965,NBC-00450,20761-01,728177004507,NutriBiotic,0
375,"Immunity, аскорбинат натрия, кристаллический порошок, 454 г (16 унций)",NBC-00451,,NBC-00451,,728177004514,NutriBiotic,0
376,"Immunity, Sodium Ascorbate, 100 капсул",NBC-00460,1185420172,NBC-00460,,728177004606,NutriBiotic,3
377,"Immunity, Sodium Ascorbate, 250 капсул",NBC-00461,1278783594,NBC-00461,,728177004613,NutriBiotic,0
378,"Hypo-Aller C, витамин C с кальцием, магнием, калием и цинком, 454 г",NBC-00500,1343804933,NBC-00500,,728177005009,NutriBiotic,0
379,"Аскорбиновая кислота с биофлавоноидами, 454 г",NBC-00301,1349258483,NBC-00301,,728177003012,NutriBiotic,0
380,"Хлорелла, 500 мг, 150 таблеток",NBC-00090,1343868902,NBC-00090,,728177000905,NutriBiotic,1
381,"Экстракт семян грейпфрута GSE, жидкий концентрат, 59 мл","NBC-01000
20762-01",1343883180,NBC-01000,20762-01,728177010003,NutriBiotic,0
382,"Экстракт семян грейпфрута GSE, жидкий концентрат, 118 мл","NBC-01001	
20794-01",1343895595,NBC-01001,20794-01,728177010010,NutriBiotic,0
383,"Спрей при ранах на коже с экстрактом семян грейпфрута, 118 мл",NBC-01005,1343897801,NBC-01005,,728177010058,NutriBiotic,0
384,"Берберин, BERBERINE, OstroVit, 90 таблеток","ost-01355	
21719-01",2259304031,ost-01355,21719-01,,OstroVit,0
385,"ГАМК плюс, GABA PLUS, OstroVit, 90 таблеток"," ost-01359	
09072-01",2265972764, ost-01359,09072-01,,OstroVit,1
386,Холин + инозитол OstroVit (Choline + Inositol) 90 таблеток,"ost-22995	
20549-01",2277972860,ost-22995,20549-01,,OstroVit,0
387,Селен Puritan's Pride (Selenium) 200 мкг 100 таблеток,"PTP-13201	
08975-01",2238902984,"PTP-13201",08975-01,,Puritan's Pride,1
388,"Цинк, Zinc, Puritan's Pride, 50 мг, 100 таблеток","PTP-12060	
07160-01",2238909316,PTP-12060,07160-01,,Puritan's Pride,1
389,Термоактивний комплекс для відновлення та росту волосся Revuele 8 ампул по 5 мл,RVL-10360,2195934599,RVL-10360,,,Revuele,1
390,Магній Гліцинат Pure Encapsulations (Magnesium Glycinate) 90 капсул,PE-00174,2323798885,PE-00174,,,Pure Encapsulations,1
391,"Витамин D3 + K2, без сои, 60 капс","1120045782	
SOR-38584	
19375-01",1120045782,SOR-38584,19375-01,76280385847,Solaray,1
392,"Мега-кверцетин, 60 растительных капсул","SOR-44686        
20849-01",,SOR-44686,20849-01,76280446869,Solaray,0
393,"Магний глицинат, Magnesium Glycinate, 350 мг, 120 капс.","1169537678	
SOR-54901	
20880-01",1169537678,SOR-54901,20880-01,76280549010,Solaray,0
394,"Каприловая кислота, Capryl, 100 капс.","1189701235	
SOR-08130",1189701235,SOR-08130,,,Solaray,0
395,"Детоксикация лимфы, Total Cleanse Lymph, 60 вегетарианских капсул","SOR-08333	
19884-01",1189770900,SOR-08333,19884-01,,Solaray,0
396,"Железо, Iron,  50 мг, 60 капсул","SOR-46105	
19374-01",,SOR-46105,19374-01,,Solaray,0
397,"Смесь для почек, Kidney Blend SP-6, Solaray, 100 капсул",SOR-00260,,SOR-00260,,,Solaray,0
398,"Медь, 2 мг, 100 капсул","SOR-45931	
19373-01",,SOR-45931,19373-01,,Solaray,0
399,"Монолаурин, 500 мг, 60 капс.","SOR-62754	
19372-01",1292706668,SOR-62754,19372-01,76280627541,Solaray,1
400,"DIM комплекс, DIM Supreme, 60 капс.",SOR-38169,,SOR-38169,,,Solaray,0
401,"Экстракт плодов гарцинии камбоджийской, 500 мг, 60 капсул",SOR-22770,,SOR-22770,,,Solaray,0
402,"Экстракт с берберином, продвинутая формула, 60 капсул","SOR-20677	
19370-01",,SOR-20677,19370-01,,Solaray,0
403,"Мультиминералы, 200 капсул",1351145141,1351145141,SOR-04514,,,Solaray,0
404,"Аспартат магния и калия, 120 растительных капсул",SOR-04517,1351888352,SOR-04517,,,Solaray,0
405,"L-лизин, 1000 мг, 90 таблеток","SOR-04860	
19378-01",1350999765,SOR-04860,19378-01,,Solaray,0
406,"Витамин К-2, менахинон-7 тройной силы, 150 мкг, 30 капсул на растительной основе","1351902094
SOR-27877	
20060-01",1351902094,SOR-27877,20060-01,,Solaray,0
407,"Витамин C с замедленным высвобождением, 1000 мг, 100 вегетарианских капсул",SOR-04453,,SOR-04453,,,Solaray,0
408,"Super Digestaway, смесь пищеварительных ферментов, 90&nbsp;вегетарианских капсул",SOR-04801,,SOR-04801,,,Solaray,0
409,"Ежовик гребенчатый, 500 мг, 60 капсул",SOR-71983,1350190689,SOR-71983,,,Solaray,0
410,"Магний цитрат, 400 мг, 90 капсул","1350221280        
SOR-46301        
19362-01",1350221280,SOR-46301,19362-01,76280463019,Solaray,1
411,"Детские витамины для концентрации внимания ""Kids Focus for Children Chewable"", 60 жевательных таблеток","1485782477	
SOR-08378	
20193-01",1485782477,SOR-08378,20193-01,76280083781,Solaray,1
412,"Смесь для печени, Blend SP-13, Solaray, 100 капсул
","1398738673	
SOR-02130	
19371-01",1398738673,SOR-02130,19371-01,76280021301,Solaray,2
413,"Магний цитрат, 400 мг, 180 капсул","SOR-37402	
20459-01",,SOR-37402,20459-01,76280374025,Solaray,0
414,"Аспартат магния ""Magnesium Asporotate"" Solaray, 400 мг, 60 капсул","SOR-04620	
20333-01",,SOR-04620,20333-01,,Solaray,0
415,"Комплекс для иммунитета с грибами ""Fermented Mushroom Immune Complex"" Solaray, 100 капсул",SOR-95379,1350314942,SOR-95379,,,Solaray,0
416,"Цинк и медь ""Zinc Copper"" Solaray, 100 капсул","1398778144	
SOR-47105	
19365-01",1398778144,SOR-47105,19365-01,76280471052,Solaray,2
417,"Кератин и коллаген 1-2-3 типа ""Collagen Keratin type 1,2, & 3"" Solaray, 60 капсул","без арт
SOR-73799",1485727240,SOR-73799,,76280737998,Solaray,0
418,"Цитрат кальция Calcium Citrate Solaray 250 мг, 120 капсул","1805807565
SOR-04585	
22525-01",2198510197,SOR-04585,22525-01,76280045857,Solaray,2
419,"Комплекс 8 грибов: рейши, ежовик, агарик бразильский Mushrom Complete Solaray 60 капсул",1816737026,1816737026,,,,Solaray,0
420,"Детские жевательные витамины и минералы, натуральный вкус черной вишни, Solaray, 120 жевательных конфет","SOR-04797
без арт",1756675109,SOR-04797,,,Solaray,0
421,"Витекс ""Vitex"" 400 мг, Solaray, 100 капсул","1350195052        
SOR-01645
19891-01",1350195052,SOR-01645,19891-01,76280016451,Solaray,0
422,"Поддержка надпочечников ""Adrenal Caps"" Solaray, 60 капсул","20203-01
SOR-05100",2193481564,SOR-05100,20203-01,76280051001,Solaray,1
423,"Цинк пиколинат, 22 мг, 100 табл","SOL-03725	
11059-01",,SOL-03725,11059-01,,Solgar,0
424,"Омега-3 рыбий жир, концентрат, 240 мягких таблеток","SOL-01699	
11047-01",,SOL-01699,11047-01,,Solgar,0
425,"Витамин E, 400 МЕ, 100 мягких таблеток",SOL-03521,,SOL-03521,,,Solgar,0
426,"Витамины для кожи, ногтей и волос, Solgar, улучшенная рецептура с МСМ, 60 таблеток","1187821741        
SOL-01735
11134-01",1187821741,SOL-01735,11134-01,33984017351,Solgar,1
427,"Витамин B6, 25 мг, 100 таблеток","SOL-03082
без артикула
18415-01",,"SOL-03082",18415-01,33984030824,Solgar,0
428,"Мелатонин, 3 мг, 120 жевательных таблеток","1294088724        
SOL-01935
11326-01",1294088724,"SOL-01935",11326-01,33984019355,Solgar,1
429,"Селен, 100 мкг, 100 таблеток",1309635149,1309635149,,,,Solgar,0
430,"Фолат, 800 мкг, 100 таблеток","SOL-01945	
18830-01",,SOL-01945,18830-01,33984019454,Solgar,0
431,"Кремний, из красных водорослей, 100 капсул","SOL-02571	
18797-01",,SOL-02571,18797-01,,Solgar,0
432,"Ester-C Plus, 500 mg Vitamin C, 100 капсул","SOL-01039
без артикула",,SOL-01039,,,Solgar,0
433,"Фолиевая кислота 800 mcg, 250 капсул","SOL-01101
SOL-01092",,"SOL-01101
SOL-01092",,,Solgar,0
434,"Магний + B6, 250 таблеток","1489317421	
SOL-01721",1489317421,SOL-01721,11787-01,33984017214,Solgar,0
435,"Ниацин (Витамин B3), 100 mg, 100 таблеток",11723-01,,,11723-01,,Solgar,0
436,"Рутин 500 mg, 100 таблеток","SOL-02461	
18217-01",2200784798,SOL-02461,18217-01,,Solgar,0
437,"Витамин C 1000 mg, 90 таблеток","SOL-03275	
11203-01",,SOL-03275,11203-01,,Solgar,0
438,"Кальций, магний, цинк, 250 таблеток","SOL-00521	
18172-01",,SOL-00521,18172-01,,Solgar,0
439,"Селен 200 mcg, 100 таблеток","SOL-02557        
19681-01",,SOL-02557,19681-01,,Solgar,0
440,"Таурин, 500 mg, 100 капсул","1264431476	
SOL-02701",1264431476,SOL-02701,18014-01,33984027015,Solgar,0
441,"Витамин Е, 200 МЕ, 100 капсул","1264409440	
SOL-03501",1264409440,SOL-03501,,,Solgar,0
442,"Мочегонное, 100 капсул","SOL-03947	
19692-01",,SOL-03947,19692-01,,Solgar,0
443,"Рутин,500 мг, 250 табл",,,,,,Solgar,0
444,"Ester-C Plus, 1000 мг, 90 таблеток","SOL-59196	
18022-01",,SOL-59196,18022-01,,Solgar,0
445,"Железо, 100 таблеток","SOL-00680	
18116-01",2259285136,SOL-00680,18116-01,33984006805,Solgar,0
446,"Витамин Д3, 5000 МЕ, 100 капсул","SOL-19377	
18245-01",2200861805,SOL-19377,18245-01,33984193772,Solgar,0
447,Магній Цитрат Solgar (Magnesium Citrate) 120 таблеток,"1292521145	
SOL-59205
SOL-01711",1292521145,"SOL-59205
SOL-01711",,33984592056,Solgar,4
448,"Витамины группы В + С, B-Complex, стресс формула, 100 таблеток","SOL-00200	
11202-01",,SOL-00200,11202-01,,Solgar,0
449,"Кальций из раковин устриц, Calcium ""600"", 60 таблеток",11210-01,,,11210-01,,Solgar,0
450,"Медь (Chelated Copper), 100 таблеток","1302469322	
SOL-00640",1302469322,"SOL-00640",11553-01,33984006409,Solgar,0
451,"B-Complex ""50"", 100 Veggie Caps",404,,,,,Solgar,0
452,"Глицин, 500 мг, 100 капсул","SOL-01370	
18366-01",,SOL-01370,18366-01,,Solgar,0
453,"Витамины для волос, кожи и ногтей, 120 таблеток","SOL-01736
404",1302626370,SOL-01736,11133-01,33984017368,Solgar,1
454,"Витамины и минералы для беременных, Multivitamin & Mineral, 120 таблеток",SOL-02272,1303089790,SOL-02272,,,Solgar,0
455,"Витамины для беременных, Prenatal Nutrients, 240 таблеток",1303089790,,,,,Solgar,0
456,"Лечебные грибы рейши (Reishi Shiitake Maitake Mushroom), 50 капсул","1303110663	
SOL-02327",1303110663,SOL-02327,19979-01,33984023277,Solgar,0
457,"Эхинацея (Echinacea Purpurea), Full Potency, 100 капсул",SOL-03870,"1303121283
Нет",SOL-03870,,,Solgar,0
458,"Витамин Д3, Solgar, 5000 МЕ, 240 капсул.","SOL-03314	
18877-01",,SOL-03314,18877-01,,Solgar,0
459,"Масло вечерней примулы,1300 мг, 30 капсул",,,,,,Solgar,0
460,"Биотин, (Biotin), 5000 мг, 50 капсул",SOL-00313,,SOL-00313,,,Solgar,0
461,"Витамин В-100 комплекс, B-Complex ""100"", 50 таблеток",,,,,,Solgar,0
462,"Аминокислотный комплекс, 90 капсул","2259273595	
SOL-00102	
20232-01",2259273595,SOL-00102,20232-01,33984001022,Solgar,2
463,Кальций магний цинк 100 таблеток,"2072552831	
SOL-00520	
11196-01",2072552831,SOL-00520,11196-01,33984005204,Solgar,0
464,"Магний с витамином В6, 100 таблеток",,1355455591,SOL-03120,11531-01,33984031203,Solgar,0
465,"Биотин, 300 мкг, 100 таблеток","1356067798	
SOL-00280",1356067798,SOL-00280,18827-01,33984002807,Solgar,1
466,"Витамины группы В, В-complex 100, 100 капсул",,,,,,Solgar,0
467,"Формула V, VM - 75, 30 таблеток                                                                                                                                                     ",19053-01,,,19053-01,,Solgar,0
468,"Инозитол, 500 мг, 100 капсул                                                                                                                                                    ","SOL-01450
18016-01",2195965361,"SOL-01450
",18016-01,33984014503,Solgar,2
469,"Фолиевая кислота 800 mcg, 250 таблеток",SOL-01101,,SOL-01101,,,Solgar,0
470,"Витамин B2 (рибофлавин) 100 мг, 100 капсул","18307-01
SOL-03050",2139782501,"SOL-03050","18307-01",33984030503,Solgar,1
471,"Витамин B12, 100 мкг, 100 таблеток","1356052098	
SOL-03180",1356052098,SOL-03180,18115-01,33984031807,Solgar,1
472,"Гранулы соевого лецитина, 454 г","SOL-01561	
19010-01",1356356900,SOL-01561,19010-01,,Solgar,0
473,"Каприловая кислота, 100 капсул",18216-01,,,18216-01,,Solgar,0
474,"Омега-3, ЭПК и ДГК, тройной концентрации, 50 капсул","1355435523	
SOL-02057",1355435523,SOL-02057,11054-01,33984020573,Solgar,0
475,"Хром пиколинат, 500 мкг, 60 капсул",,1356083167,SOL-00871,11328-01,33984008717,Solgar,0
476,"Цитрат магния, Magnesium Citrate, 400 мг, 60 таблеток",11529-01,1356121895,"SOL-59204",11529-01,33984592049,Solgar,0
477,"Псиллиум, клетчатка из оболочек семян подорожника, 500 мг, 200 капсул","1356334627	
18615-01",1356334627,,18615-01,,Solgar,0
478,"Астаксантин, 10 мг, 30 мягких желатиновых капсул","1356144758	
SOL-36204	
19007-01",1356144758,SOL-36204,19007-01,,Solgar,0
479,"Натуральный витамин Е, 67 мг (100 МЕ), 100 капсул","SOL-03461
11199-01",2141785406,"SOL-03461
","11199-01
",33984034617,Solgar,1
480,"Конъюгированная линолевая кислота (КЛК), 1300 мг, Solgar, 60 капсул","1355465856	
SOL-02714
404",1355465856,SOL-02714,11669-01,33984027145,Solgar,3
481,"Поддержка суставов №7, Solgar, 30 капсул",11724-01,,,11724-01,,Solgar,0
482,"Хром пиколинат, 500 мкг, 120 капсул","1488626595	
SOL-00872",1488626595,SOL-00872,,,Solgar,0
483,"L-тирозин ""L-Tyrosine"" Solgar, 500 мг, 100 капсул","SOL-02761	
18556-01",,SOL-02761,18556-01,,Solgar,0
484,"Витамин Д3, холекальциферол ""Vitamin D3"" Solgar, 10 000 МЕ (250 мкг), 120 капсул
",18015-01,,,18015-01,,Solgar,0
485,"L-аргинин ""L-Arginine"" 1000 мг, Solgar, 90 таблеток
","SOL-00150	
11038-01",,SOL-00150,11038-01,,Solgar,0
486,"Фосфатидилхолин ""Phosphatidyl Choline"" Solgar, 100 капсул
","1489940159	
SOL-02210",1489940159,SOL-02210,20443-01,33984022102,Solgar,0
487,Холин Solgar (Choline) 350 мг 100 капсул,"SOL-00830	
18347-01",2259286998,SOL-00830,18347-01,33984008304,Solgar,1
488,"Железо, Gentle Iron, 25 мг, Solgar, 90 капсул","2108579757	
SOL-01249",2108579757,SOL-01249,18562-01,33984012493,Solgar,1
489,"Жидкий витамин B12 ""Liquid B-12"" Solgar, 2000 мкг, 59 мл
",20358-01,,,20358-01,,Solgar,0
490,"Соевый лецитин ""Natural Soya Lecithin"" 1360 мг, Solgar, 100 капсул
",1356356900,1356356900,SOL-30394,18554-01,33984303942,Solgar,0
491,"L-аргинин ""L-Arginine"" Solgar, 500 мг, 100 капсул","1462836961
SOL-00141",1462836961,SOL-00141,,,Solgar,0
492,"Фолат (метафолин), 1000 мкг, Solgar, 60 таблеток","1382979533	
18896-01",1382979533,SOL-53595,"18896-01",33984535954,Solgar,0
493,"Фолат, Solgar, 400 мкг, 100 таблеток",1356228177,1356228177,SOL-01941,18170-01,33984019416,Solgar,0
494,"Североатлантические водоросли, North Atlantic KELP, Solgar, 250 таблеток","1356348621	
SOL-01500",1356348621,SOL-01500,18796-01,33984015005,Solgar,1
495,"L-пролин и L-лизин ""L-Proline L-Lysine"" Solgar, 500 мг/500 мг, 90 таблеток
",19057-01,,,19057-01,,Solgar,0
496,"Рыбий жир, Omega-3 Fish Oil, Solgar, 2000 мг, концентрат, 120 капсул
","SOL-01788	
11046-01",2128282526,"SOL-01788",11046-01,33984017887,Solgar,1
497,"Витамин Д3, холекальциферол, Solgar, 2200 МЕ, 50 капсул","SOL-03316
1490489588",1490489588,SOL-03316,18470-01,33984033160,Solgar,0
498,"Мелатонин ""Melatonin"" 3 мг, Solgar, 60 пастилок
","SOL-01934
без артикула",1355453916,SOL-01934,11216-01,,Solgar,0
499,"Аспартат калия и магния ""Potassium Magnesium Aspartate"" Solgar, 90 капсул","SOL-02267
20470-01",1489991155,"SOL-02267
",20470-01,33984022676,Solgar,0
500,"Добавка для сна ""Sweetest Dreams"" Solgar, 30 капсул",,1488034870,,,,Solgar,0
501,Расширенный комплекс кальция витаминов Д3 К2 цинка и бора Solgar (Advanced Calcium Complex + Vitamins D3 K2 Zinc Boron) 120 таблеток,"без артикула
SOL-00028
11702-01",,SOL-00028,11702-01,,Solgar,0
502,Липотропные факторы Solgar (Lipotropic Factors) 100 таблеток,"1734055140	
11738-01",1734055140,SOL-01581,11738-01,33984015814,Solgar,0
503,Магний хелат Solgar (Chelated Magnesium) 100 таблеток,SOL-54709,1356061739,SOL-54709,11200-01,33984547094,Solgar,0
504,Витамин B6 Solgar (Vitamin B6) 50 мг 100 таблеток,"1829104996	
SOL-03100	
18018-01",1829104996,SOL-03100,"18018-01",33984031005,Solgar,0
505,Витамин В6 Solgar (Vitamin B6) 100 мг 100 капсул,"1787698462	
SOL-03110",1787698462,SOL-03110,20771-01,33984031104,Solgar,1
506,Мелатонин Solgar (Melatonin) 5 мг 60 таблеток,"SOL-01936
без артикула",1487970772,"SOL-01936
",11211-01,33984019362,Solgar,0
507,"Гамма-аминомасляная кислота, GABA, 500 мг, Solgar, 50 капсул","1356134131	
SOL-01211",1356134131,SOL-01211,11667-01,33984012110,Solgar,0
508,Комплекс для зрения черника гинкго очанка лекарственная Solgar (Blueberry Ginkgo Eyebright Complex) 60 вегетарианских капсул,SOL-00315,2050778513,SOL-00315,11701-01,33984003156,Solgar,0
509,Улучшенная антиоксидантная формула Solgar (Advanced Antioxidant Formula) 120 капсул,"1486042546	
SOL-01035",1486042546,SOL-01035,19689-01,33984010352,Solgar,0
510,Масло орегано Solgar (Wild Oregano Oil) 175 мг 60 капсул,"2069330921	
SOL-02029	
19081-01",2069330921,SOL-02029,19081-01,33984020290,Solgar,1
511,Экстракт корня корейского женьшеня Solgar (Korean Ginseng Root Extract) 60 растительных капсул,"1486521897	
SOL-04138",1486521897,"SOL-04138
",11737-01,33984041387,Solgar,0
512,Экстракт смолы босвеллии Solgar (Boswellia Resin Extract) 60 вегетарианских капсул,"2069337254	
SOL-04114	
18350-07",2069337254,SOL-04114,18350-07,33984041141,Solgar,1
513,Холин/Инозитол Solgar (Choline / Inositol) 500 мг/500 мг 100 капсул,"SOL-00850
11218-01",,"SOL-00850
",11218-01,33984008502,Solgar,0
514,"Хелатный марганец ""Chelated Manganese"" Solgar, 8 мг, 100 таблеток","SOL-00720
1488591259",1488591259,SOL-00720,19680-01,33984007208,Solgar,0
515,"Цинк Solgar (Zinc) 50 мг 100 таблеток
","SOL-03720	
11193-01",2141793628,"SOL-03720",11193-01,33984037205,Solgar,0
516,Рутин Solgar (Rutin) 500 мг 100 таблеток (SOL-02461),"SOL-02461	
18217-01",2200784798,SOL-02461,18217-01,,Solgar,0
517,Натуральный желатин Solgar Gelatin 250 капсул,"SOL-01241	
20304-01",2241671281,"SOL-01241",20304-01,33984012417,Solgar,1
518,Цистеин Solgar (L-Cysteine) 500 мг 90 вегетарианских капсул,"SOL-00962
11712-01",2259290396,SOL-00962,11712-01,33984009622,Solgar,1
519,"Ultra-Mag, 120 таблеток",1086370995,1086370995,SNS-00803,20910-01,21078008033,Source Naturals,1
520,"Оптицинк, 240 таблеток",без артикула,1305549843,SNS-00176,,21078001768,Source Naturals,0
521,"Wellness Transfer Factor, 125 мг, 60 вегетарианских капсул",1417535385,2171067777, SNS-02635,,21078026358,Source Naturals,0
522,"Комплекс аминокислот BCAA 2:1:1 Sporter, вишня, упаковка (20 саше по 10 г)",нет,2245122516,,,,Sporter,2
523,"Комплекс аминокислот BCAA 2:1:1 Sporter, дыня, упаковка (20 саше по 10 г)",нет,2245120966,,,,Sporter,2
524,"Комплекс аминокислот BCAA 2:1:1 Sporter, грейпфрут, упаковка (20 саше по 10 г)",нет,2245119873,,,,Sporter,1
525,"Комплекс аминокислот BCAA 2:1:1 Sporter, яблоко, упаковка (20 саше по 10 г)",нет,2245107038,,,,Sporter,2
526,"Жиросжигатель L-carnitine 3000 Sporter, вкус апельсина, упаковка (20 саше по 4,5 г)",нет,2245089876,,,,Sporter,2
527,"Масло MCT, 1000 mg, 120 капсул",нет,,SRE-01080,,23249010807,Sports Research,0
528,"Комлекс красоты с морским коллагеном, 163 г",без артикула,,,,,Sports Research,0
529,"Комлекс красоты с морским коллагеном, клубничный лимонад, 180 г",без артикула,,,,,Sports Research,0
530,"Одношаговое средство от угрей, максимальная сила, без спирта, Stridex, 55 мягких салфеток",SDX-09701,2171039346,SDX-09701,,41388097015,Stridex,0
531,"Однокроковий засіб від вугрів, максимальна сила, без спирту, Stridex, 90 м'яких серветок",нет,2171067777,SDX-09709,,41388097091,Stridex,0
532,"Цинк пиколинат, 22 мг, 60",404,,,,,Swanson,0
533,"Thinkbaby, солнцезащитный крем SPF 50+, 89 мл",1200423014,1200423014,THI-00268,,890397002684,Think,0
534,"Thinksport, солнцезащитный крем, фактор защиты от солнца 50+, для детей, 3 ж. унц. (89 мл)",1374380149,,,,,Think,0
535,"Thinkbaby, солнцезащитный крем SPF 50+, 177 мл",1374378238,1374378238,THI-00417,,859871004170,Think,0
536,"Thinksport, солнцезащитный крем, фактор защиты от солнца 50+, для детей, 3 ж. унц. (177 мл)",1414006208,1866234692,THI-00445,,859871004453,Think,0
537,"Глюкозамин и хондроитин, 90 капсул","1283745887
THR-76702",,THR-76702,,,Thorne Research,0
538,"Цинк пиколинат, 15 мг, 60 капсул",THR-21002,1301526292,THR-21002,18701-01,693749210023,Thorne Research,0
539,"Железо с кофакторами, Ferrasorb, Thorne Research, 60 капсул","THR-75003
19359-01",,THR-75003,19359-01,693749750031,Thorne Research,0
540,"Селенметионин Selenomethionine Thorne Research, 200 мкг, 60 капсул
",THR-22501,1450623649,THR-22501,19974-01,693749225010,Thorne Research,2
541,"Кора надпочечников ""Adrenal Cortex"" Thorne Research, 60 капсул",20484-01,1507203078,THR-80303,20484-01,693749803034,Thorne Research,0
542,"Добавка с магнием ""Magnesium CitraMate"" Thorne Research, 90 капсул",THR-27202,1734054820,THR-27202,20268-01,693749272021,Thorne Research,2
543,"Бисглицинат железа ""Iron Bisglycinate"" Thorne Research, 25 мг, 60 капсул",1381227967,1381227967,THR-00345,19021-01,693749003458,Thorne Research,0
544,Пиколинат хрома Thorne Research (Chromium Picolinate) 60 капсул,"20265-01
THR-25502",2171116858,THR-25502,20265-01,693749255024,Thorne Research,0
545,"Веганский Д, Vegan D, 2000 МЕ, 100 таб.",1158036775,1158036775, VGL-87031,,76280870312,VegLife,0
546,"Кальций из красных водорослей, Red Marine Calcium, 90 таблеток",1323404262,1323404262, VGL-21928,,76280219289,VegLife,0
547,"Железо растительного происхождения, Vegan Iron, 25 мг, 100 таблеток",1323405393,1323405393,VGL-74610,,76280746105,VegLife,0
548,"VegLife, веганский комплекс витаминов группы B, 100 таблеток",1823559491,1823559491,VGL-74251,,76280742510,VegLife,0
549,"Жидкие аминокислоты ""Amino Power Liquid"" Weider, кола, 1000 мл",,,,,,Weider,0
550,"Чупачупсы с разными фруктовыми вкусами органик YumEarth (Pops) 50 шт 349 г
",,,,,,YumEarth,0
551,"YumEarth, Ultimate, органические леденцы на палочке с антиоксидантами",,,,,,YumEarth,0
552,"Vaseline, уход для губ, какао-масло, 7 г",305210232518,,VSL-23251,,305210232518,Vaseline,3
553,Їжовик гребінчастий Fungi Perfecti (Lion's Mane) 60 капсул,"FPI-03162
633422031620",,FPI-03162,,633422031620,Fungi Perfecti,1
554,,,,,,,,
555,,,,,,,,
556,,,,,,,,
557,,,,,,,,
558,,,,,,,,
559,,,,,,,,
560,,,,,,,,
561,,,,,,,,
562,,,,,,,,
563,,,,,,,,
564,,,,,,,,
565,,,,,,,,
566,,,,,,,,
567,,,,,,,,
568,,,,,,,,
569,,,,,,,,
570,,,,,,,,
571,,,,,,,,
572,,,,,,,,
573,,,,,,,,